;;;;;;
;Notebook;Model;Key HPs (default → search-space);Tuned best;;
;02-baseline-model.ipynb;Keras MLP;• layers = [64 → 32 → 1] (fixed) • optimizer = Adam(lr = 0.001) (fixed) • no tuning;none (fixed architecture);;
;03-optuna.ipynb;Keras MLP;• layers = [64 → 32 → 1] → n_layers ∈ [1…5] • units ∈ {32,64,128,256} • dropout ∈ [0.0…0.5] • weight_decay ∈ [1e-6…1e-3] (log) • lr ∈ [1e-4…1e-2] (log) • max_epochs 50, patience 5;{n_layers: 4, units: 256, dropout: 0.0, weight_decay: 2.695e-6, lr: 4.247e-4};;
;04-hyperopt.ipynb;Keras MLP;• n_layers 1–5 • units ∈ [32,64,128,256] • dropout ∈ [0.0…0.5] • lr ∈ [1e-4…1e-2] • batch_size ∈ {32,64,128} • max_epochs 50;{n_layers: 3, units: 64, dropout: 0.0060, lr: 0.00218, batch_size: 128};;
;05-keras.ipynb;Keras MLP (KT);• n_layers 1–5 • units_i ∈ {32,64,128,256} • dropout_i ∈ [0.0…0.5] • lr ∈ [1e-4…1e-2] • max_epochs 50, patience 5;{n_layers: 1, units_0: 32, dropout_0: 0.0, lr: 2.87e-4};;
;06-skopt.ipynb;Keras MLP (SK);• lr ∈ [1e-4…1e-2] • n_layers ∈ [1…3] • units ∈ [32…256] • dropout ∈ [0.0…0.5];{lr: 0.004322, n_layers: 2, units: 89, dropout: 0.001815};;
;07-lightgbm.ipynb;LightGBM;• learning_rate 0.05 → [1e-3…1e-1] • max_depth 8 → [3…12] • num_leaves 31 → [20…200] • min_child_samples 20 → [5…50] • subsample 0.5 → [0.5…1.0] • colsample_bytree 0.5 → [0.5…1.0] • n_estimators 1000 • early_stopping_rounds 50;{learning_rate: 0.0702, max_depth: 8, num_leaves: 96, min_child_samples: 20, subsample: 0.691, colsample_bytree: 0.6596, n_estimators: 806};;
;08-xgboost.ipynb;XGBoost;• learning_rate 0.05 → [1e-3…1e-1] • max_depth 8 → [3…12] • subsample 1.0 → [0.5…1.0] • colsample_bytree 1.0 → [0.5…1.0] • n_estimators [100…1000] • early_stopping_rounds 50;{learning_rate: 0.06994, max_depth: 6, subsample: 0.5851, colsample_bytree: 0.7563, n_estimators: 594};;
;09-catboost.ipynb;CatBoost;• iterations 2000 • learning_rate 0.01 → [0.02…0.12] • depth 6 → [6…10] • subsample 1.0 → [0.6…1.0] • colsample_bylevel 1.0 → [0.6…1.0] • early_stopping_rounds 50;{learning_rate: 0.1120, depth: 10, subsample: 0.7656, colsample_bylevel: 0.7999};;
;10-kfold.ipynb;LightGBM (CV-5);• learning_rate 0.05 → [1e-3…1e-1] • max_depth 8 → [3…12] • num_leaves 31 → [20…200] • min_child_samples 20 → [5…50] • subsample 0.5 → [0.5…1.0] • colsample_bytree 0.5 → [0.5…1.0] • n_estimators 1000 • early_stopping_rounds 50;{learning_rate: 0.07, max_depth: 8, num_leaves: 96, min_child_samples: 20, subsample: 0.69, colsample_bytree: 0.76};;
